customer_id,page_views,time_spent
1,25,120
2,20,90
3,30,150
4,15,80
5,22,110
6,26,50
7,27,10
8,39,40
9,9,40
10,26,50
11,34,20
12,25,30
13,15,40
14,39,10
15,8,20
16,19,10
17,26,30
18,26,50
19,23,50
20,17,40
21,31,40
22,26,20
23,39,20
24,23,40
25,35,40
26,21,30
27,33,40
28,1,10
29,15,50
30,15,20
